user_input,retrieved_contexts,response,reference,answer_relevancy,faithfulness,context_precision,context_recall
Meddig tárolják a biztosítási szerződésekhez kapcsolódó adatokat?,"['A határidő lejártát követően \nszemélyes adatai törlésre kerülnek. A személyes adatok törlését gátolja, amennyiben:\n–\t peres eljárás van folyamatban az adott szerződés tekintetében,\n–\t peren kívül hatósági eljárás van folyamatban az adott szerződés tekintetében,\n–\t panasz kezelése van folyamatban az adott szerződés tekintetében,\n–\t járadék fizetése van folyamatban az adott szerződéshez kapcsolódóan,\n–\t függő kár van rögzítve az adott szerződésre,\n–\t szerződésen nyilvántartott díjhátralék, vagy túlfizetés az adott szerződés tekintetében,\n–\t díjvisszatérítéses szerződések esetében. A létre nem jött biztosítási szerződésekkel kapcsolatos, ajánlattétel során megadott személyes adatait a Biztosító a biztosítási ajánlat \nrögzítésétől számított, a biztosítási szerződésben meghatározott elévülési ideig, ennek hiányában a Polgári törvénykönyvről szóló \n2013. évi V. tv.', 'A Biztosító a személyes adatokat csak az adatkezelés céljainak eléréséhez szükséges ideig kezeli, melynek során figyelembe \nveszi az egyes jogszabályok által kötelezően előírt adatmegőrzési határidőket, valamint a Biztosítóval szemben támasztott \nesetleges követelések jogszabályi vagy szerződésben meghatározott elévülési idejét. A Biztosító a személyes adatok tárolásá-\nnak időtartamáról adatkezelési célonként nyújt tájékoztatást. 2', 'keletkezteti. Érintettek köre: Biztosító ügyfelei. Kezelt adatok köre:\n•\t a mindenkor hatályos Aktv.-ben meghatározott jogi kötelezettség teljesítéséhez szükséges adatok\n\nAdatkezelés időtartama: A Biztosító a személyes adatokat a biztosítási jogviszonyra irányadó szabályok (lásd 3.1.3 pont) szerint \nkezeli.', 'Adatkezelés időtartama: Az azonosítás során kezelt személyes adatokat, valamint ezen személyes adatokat tartalmazó okiratok \nmásolatait – ideértve a videóazonosítás során kezelt személyes adatokat is – a Biztosító a Pmt. 56. § (2) bekezdése alapján a biz-\ntosítási szerződés megszűnésétől, vagy az ügyleti megbízás teljesítésétől számított 8 évig őrzi meg.', 'Érintettek köre: Biztosító ügyfelei\n\nKezelt adatok köre:\n•\t a számviteli bizonylatokat képező dokumentumok\n\nAdatkezelés időtartama: A Biztosító a személyes adatokat a biztosítási jogviszonyra irányadó szabályok (lásd 3.1.3 pont) szerint \nkezeli. 11', 'Adatkezelés jogalapja: A GDPR 6. cikk (1) bekezdés f) pontja szerinti jogos érdek: hitelintézetek és biztosítók közötti egyszerűbb \nadatáramlás biztosítása, a hitelintézetek prudens működésének elősegítése, záradékolási folyamatok egyszerűsítése, valamint a \nhitelbiztosítéki fedezetnyújtás könnyebb ellenőrzése. Érintettek köre: Biztosító ügyfelei\n\nKezelt adatok köre:\n•\t Lakásbiztosítások, hitelbiztosítéki záradék, záradékolási kérelem, díjhátralékos biztosítások adatai\n\nAdatkezelés időtartama: A Biztosító a személyes adatokat a biztosítási jogviszonyra irányadó szabályok (lásd 3.1.3 pont) szerint, \nilletve a DLT rendszerben a biztosítási szerződés megszűnését követő 30 napig kezeli. A DLT rendszer használatával kezelt személyes adatokhoz kizárólag azon adatkezelők férhetnek hozzá, amelyek számára az elen-\ngedhetetlenül szükséges.']","Az adatokat a biztosítási szerződés megszűnésétől, vagy az ügyleti megbízás teljesítésétől számított 8 évig őrzi meg a Biztosító.",8 év szerződés megszűnését követő naptári év,0.9438162111814568,1.0,0.9999999999833333,1.0
Mi az a kötelező gépjármű-felelősségbiztosítás?,"['(www.mabisz.hu/hu/gepjarmu-karrendezesi-iroda/nemzeti-iroda/682-nemzeti-iroda-tajekozato.html). Milyen kötelezettségeim vannak a biztosítással kapcsolatban?\n–\t szerződéskötési kötelezettség az üzembentartói jog keletkezésétől,\n–\t közlési és változás-bejelentési, valamint együttműködési, a szerződés megkötésekor, valamint annak fennállása alatt,\n–\t díjfizetési,\n–\t kár esetén kárenyhítési, kárbejelentési, információ adási kötelezettség.', 'KÖTELEZŐ GÉPJÁRMŰ-FELELŐSSÉGBIZTOSÍTÁSI FELTÉTEL \nÉS ÜGYFÉLTÁJÉKOZTATÓ\n\nJelen biztosítási feltételt 2024.07.16-tól kell alkalmazni. A biz-\ntosítási feltétel a kötelező gépjármű-felelősségbiztosításról \nszóló 2009. évi LXII. törvény (továbbiakban Gfbt) és a kap-\ncsolódó jogszabályok szó szerinti ismertetése a szerződő \nfelek jogait és kötelezettségeit nem érintő rendelkezések ki-\nvételével.', 'Gépjármű-biztosítás Biztosítási termékismertető SIGNAL IDUNA Biztosító Zrt. Magyarország, tevékenységi engedély száma: H-EN-II-84/2016.\nKötelező gépjármű-felelősségbiztosítás (KGFB)', 'meghatározott \nszervezet, amely a székhely szerinti tagállamában engedélyt \nkapott a gépjármű-felelősségbiztosítási tevékenység végzé-\nsére, és Magyarország területén az e tör\xadvényben foglaltaknak \nmegfelelően a kötelező gép\xadjármű-felelősség\xadbiztosítási (a to-\nvábbiakban: bizto\xadsítás) tevékenység folytatására jogosult;\n4. biztosított: a gépjármű biztosítással rendelkező üzem\xad\nben tartója és a gépjárművet vezető személy;\n5. díjtarifa: miniszteri rendeletben meghatározott gépjár\xad\nmű-kategóriánként és – a flotta kivételével – bonus-malus \nosztályonként a biztosító által megállapított alapdíjak és \n\nI. A KÖTELEZŐ GÉPJÁRMŰ-FELELŐSSÉG\xad\nBIZTOSÍTÁSRA VONATKOZÓ SZABÁLYOK\n\n1. §\nHa nemzetközi szerződés eltérően nem rendelkezik, e törvény \nhatálya kiterjed:\na)\t minden magyarországi telephelyű gépjármű\xad üzem\xadben tar-\ntójára, továbbá más tagállami telephelyű gépjármű – ha \nannak rendeltetés helye szerinti tagállama Magyarország \n– tulajdonosára, és az általuk kötött kötelező gépjármű-fe-\nlelősségbiztosítási szerződésre;\nb)\t a külföldi telephelyű gépjármű Magyarország területére \ntörténő belépésének, valamint Magyarország területén a \nfogalomban történő használatának feltételeire;\n\n2', '4. § A BIZTOSÍTÁSI KÖTELEZETTSÉG\n(1) Minden magyarországi telephelyű gépjármű üzemben \ntartója köteles – a külön jogszabály alapján mentesített \ngépjárművek kivételével – az e törvény szerinti biztosító-\nval a gépjárműhasználat során okozott károk fedezetére \naz e törvényben meghatározott feltételek szerinti biztosí-\ntási szerződést kötni, és azt díjfizetéssel hatályban tarta-\nni (biztosítási kötelezettség). (2) A biztosítási kötelezettség – ha jogszabály másként \nnem rendelkezik – a mindenkori üzemben tartót a gépjár-\nműhasználat kezdetétől a gépjárműhasználat végleges \nmegszűnéséig terheli.', '(7) Más tagállami telephelyű gépjármű tulajdonszerzését kö-\nvetően a gépjármű tulajdonosa – ha a gépjármű rendeltetési \nhelye szerinti tagállama Magyarország – a tulajdonszerzését \nkövetően a gépjármű rendelkezésére bocsátásától számított \n30 napos időtartamra köteles – választásától függően – vagy \naz e törvény szerinti biztosítóval vagy a gépjármű telephelye \nszerinti tagállam biztosítójával biztosítási szerződést kötni. 5. §\n(1) A biztosító a magyarországi telephelyű gépjármű üzem\xad\nben tartójának, valamint azon gépjármű tulajdonosának, \namelynek rendeltetés helye szerinti tagállama Magyaror\xad\nszág, továbbá a magyarországi telephelyű, de a rendeltetés \nhelye szerint másik tagállamú gépjármű tulajdonszerzését \nkövető tulajdonosának az e törvényben meghatározott fel\xad\ntételek szerinti biztosítási szerződés megkötésére vonat\xad\nkozó – a biztosító díjtarifájának megfelelő – ajánlatát a 13.']",Nincs információ a megadott dokumentumokban.,jármű üzemeltetése kár fedezete,0.0,0.0,0.19999999998,1.0
Milyen esetekre nem terjed ki a biztosítás?,"['Mire terjed ki a biztosítás?\n✓ A biztosítás a jármű üzemeltetése során okozott dologi Mire nem terjed ki a biztosítás?\nFőbb kizárások (a felsorolás nem teljes körű):', 'következtében bekövetkezett károkozás,\n a jármű balesete nélküli környezetszennyezési károkozás. Milyen korlátozások vannak a biztosítási \nfedezetben?\nA biztosítás alapján a biztosító visszkeresettel élhet többek \nközött az alábbi esetekben:', 'ha a vezető a gépjárművet az üzembentartó engedélye \nnélkül vezette,\n \nha a biztosított a kárt jogellenesen és szándékosan okozta,\n \nha a gépjárművezető alkoholos, vagy a vezetési \nképességre hátrányosan ható szertől befolyásolt \nállapotban vezetett,\n \nha a vezető a gépjárművezetésre jogosító engedély nélkül \nvezetett.', '(3) A közúti közlekedési igazgatási feladatokról, a közúti közle-\nkedési okmányok kiadásáról és visszavonásáról szóló minisz-\nteri rendeletben meghatározott mezőgazdasági erőgép (lassú \njármű) esetében határozatlan tartamú szerződés köthető. 15. §\nA biztosítás nem terjed ki arra a kárra, amely\na)\t a károkozó gépjárműben elhelyezett tárgyakban ke\xad\nletkezett, ha ezek nem a gépjárművel utazók személyi \nhasználatára szóló tárgyak;\nb)\t a károkozó gépjárműben keletkezett;\nc)\t a károkozó gépjármű biztosítottjainak egymással \nszembeni igényéből származó dologi kárként, illetve \nelmaradt haszonként keletkezett;\nd)\t sugárzó, toxikus anyagok és termékek hatására, vagy \naz egészségügyi hatóságok részéről a sugárzás káros \nhatásainak megszüntetését célzó intézkedések foly\xad\ntán keletkezett;\ne)\t a gépjármű balesete nélkül az út burkolatában kelet\xad\nkezett;\nf)\t a gépjármű szállítási, illetve közlekedési eszközkén\xad\nti rendeltetésétől eltérő módon, munkagépként való \nhasználata során keletkezett;\ng)\t törlésre került;\nh)\t munkabalesetnek minősül, és a gépjármű javítási \nvagy karbantartási munkái során keletkezett;\ni)\t gépjárműverseny vagy az ahhoz szükséges edzés so\xad\nrán következett be;\nj)\t környezetszennyezéssel a gépjármű balesete nélkül \nkeletkezett;\nk)\t a gépjármű üzemeltetésével egyéb vagyontárgyban \nfolyamatos állagrongálással okozott, illetőleg állag\xad\nromlásból adódott;\nl)\t háború, háborús cselekmény, terrorcselekmény kö\xad\nvetkezményeként keletkezett.', 'összeg kimerül, a biztosítási összeg felosztásakor figyelem-\nbe nem vett károsult kizárólag akkor érvényesíthet kártérítési \nigényt, ha azt a biztosító a károsultnak fel nem róható okból \nhagyta figyelmen kívül. Ebben az esetben a kárt olyan arány-\nban kell az adott kártípusra meghatározott biztosítási összeg \nújrafelosztásával megtéríteni, amilyen arányban a károsult a \nbiztosítási összeg felosztásakor abból részesülhetett volna. (4) A (3) bekezdés szerinti eljárást kell követnie a biztosítónak \nakkor is, ha egy vagy több károsult kártérítési igénye a károsult-\nnak fel nem róható okból a biztosítási összeg felosztását köve-\ntően jelentkezik, vagy növekszik (pl.', '(9) Az e törvény szerinti biztosítási kötelezettség, valamint a \nKártalanítási Számla kártérítési kötelezettsége nem terjed ki a \nnyilvánosság elől elzárt olyan területen okozott kárra, ahová a \nbelépés a vonatkozó rendelkezések alapján jogilag vagy fizika-\nilag korlátozott, amennyiben ezen kárt olyan gépjármű okozta, \namelynek közutakon való használata nem megengedett. 3/B. § \nAhol e törvény euróban meghatározott összegről rendel\xad\nkezik, azt 368,54 HUF/EUR árfolyamon kell átváltani fo\xad\nrintra és ezen forint összeget kell érteni alatta.']",Nincs információ a megadott dokumentumokban.,háborús cselekmény karbantartás verseny,0.0,0.0,0.249999999975,1.0
Milyen dokumentumokat kérhet be a biztosító egy kárigényhez?,"['Meghatalmazás a biztosító részére, hogy a rendőrségi, ügyészségi, bírósági iratokba betekinthet, azokról másolatokat készíthet,\n12. Károsult nyilatkozata a társbiztosítói előzmények adatkéréséhez,\n13. Egyedi, speciális kárigény esetén a kárigény jogosságát és mértékét igazoló irat.', 'Törzskönyv másolata,\n4. Nemzetközi baleseti bejelentő, vagy azzal megegyező tartalmú nyilatkozat a részes felektől,\n5. Biztosító megbízottja által készített kárfelvételi jegyzőkönyv,\n6.', 'Írásban tett nyilatkozat (fax, e-mail, levél) az igénylő, vagy jogosult által megjelölt megjelölt bankszámlaszámról, vagy postai \nkézbesítési címről a kifizetéshez, mely nyilatkozat tartalmazza hivatkozási adatként a biztosító kárszámát, vagy a károsult \nrendszámát és a kárdátumot,\n19. Írásbeli kamatigénylés,\n10. A biztosító megbízottjai, alkalmazottjai által kért részletes nyilatkozat a káresemény körülményeinek tisztázásához,\n11.', 'Részletes, okozói nyilatkozat,\n3. A kárbejelentésben jelzett káresemény tanúinak nyilatkozatai,\n4. A bejelentett káresemény tekintetében indult büntető- vagy szabálysértési eljárást igazoló dokumentum,\n5.', 'A biztosítottnak, illetve a károsultnak a bizonyítás általános \nszabályai szerint joga van a felsorolt okiratokon és jogcíme-\nken kívül további más bizonyítási eszköz felhasználására, il-\nletve más jogcímek megjelölésére a keletkezett, ténylegesen \nfelmerülő károk és költségek igazolása, így követelésének ér-\nvényesítése érdekében. 17', 'A biztosító a biztosítási szerződési feltételekben köteles \nmeghatározni, hogy a káresemény bekövetkezése ese\xad\ntén milyen károkat és költségeket milyen okiratok – ide\xad\nértve a fenti bekezdés szerinti számlát is – bemutatása \nellenében térít. A biztosító a szolgáltatása teljesítésének \nesedékességét csak olyan okirat bemutatásától tehe\xad\nti függővé, amely a biztosítási esemény bekövetkezé\xad\nsének igazolásához, illetve a teljesítendő szolgáltatás \nmértékének meghatározásához szükséges, a biztosítási \nszolgáltatás teljesítésének esedékességét a bejelentett \nkáresemény tekintetében indult szabálysértési eljárás \njogerős befejezéséhez, illetve a büntetőeljárásnak a bí\xad\nróság jogerős ügydöntő határozatával vagy véglegessé \nvált nem ügydöntő végzésével történő befejezéséhez, \nvalamint az ügyészségnek vagy a nyomozó hatóságnak \na feltételes ügyészi felfüggesztés vagy közvetítői eljárás \ncéljából történő felfüggesztéséről szóló, illetve további \njogorvoslattal nem támadható eljárást megszüntető ha\xad\ntározata meghozatalához nem kötheti. Ennek megfelelő\xad\nen a KGFB kárbejelentéseknél kért okiratok felsorolását \na feltételek az alábbiakban tartalmazzák.']",Az biztosító mely dokumentumokat kérhet a kárigényhez?,jegyzőkönyv orvosi dokumentum bankszámlaszám,0.0,0.5,0.26666666665333333,0.6666666666666666
Hogyan zajlik az adatkezelés a biztosítónál?,"['A Biztosító a biztosítási szerződések megkötése, így az igényfelmérés és alkalmassági tesztek elvégzése során az érintett által \nmegadott információkat számítástechnikai eszközökkel értékeli, melynek során az érintett profilját kialakítja és az érintettet \nigényeihez legjobban igazodó termékre ennek alapján javaslatot tesz. A Biztosító profilalkotást végez kockázatfelmérés céljából a biztosítási szerződést érintő ügyfélkockázat előrejelzése érdeké-\nben, amelynek alapján a megtett biztosítási ajánlat elfogadásra kerül, vagy módosulhat, vagy elutasításra kerülhet, valamint a \ncsalások megelőzése és kivizsgálása céljából olyan információk alapján, amelyek érdemben jelezhetik a csalás előfordulásá-\nnak lehetőségét. A Biztosító a biztosítási szerződést érintő biztosítási események, káresemények, ahhoz kapcsolódó dokumentációk elemzése \nsorán a személyes adatokat gépi tanuláson, mesterséges intelligencián alapuló funkciók mellett értékeli, illetve kialakítja az \negyes érintetti profilokat, ezáltal kiszűrhető a visszaélések előfordulása, illetve az ügyfelek a megfelelő szolgáltató felé irányít-\nhatók a hatékonyabb működés érdekében.', 'Ennek részeként a Biztosító kialakítja azokat az eljárási szabályokat, amelyek \nbiztosítják, hogy a felvett, tárolt, illetve kezelt adatok védettek legyenek, illetőleg megakadályozza azok megsemmisülését, \njogosulatlan felhasználását és jogosulatlan megváltoztatását. A Biztosító gondoskodik tovább a személyes adatokat tároló \ninformatikai rendszerek zárt és teljes körű védelméről az ágazati jogszabályokban, valamint a felügyeleti szervek ajánlásaiban \nfoglaltak teljes körű figyelembe vételével és betartásával. A Biztosító az informatikai kontroll keretrendszer rendszeres ellenőr-\nzéséről, annak folyamatos fenntartásáról és fejlesztésétől az ágazati jogszabályokban foglalt előírások szerint gondoskodik.', 'A Biztosító gondoskodik arról, hogy a kezelt adatokhoz illetéktelen személy ne férhessen hozzá, ne hozhassa nyilvánosságra, \nne továbbíthassa, valamint azokat ne módosíthassa, törölhesse. A Biztosító megtesz minden tőle telhetőt annak érdekében, hogy az adatok ne sérüljenek, illetve ne semmisüljenek meg. A fenti \nkötelezettségvállalást a Biztosító az adatkezelési tevékenységében részt vevő munkavállalói, illetve a Biztosító megbízásából \neljáró adatfeldolgozók részére is előírja.', 'A Biztosítóval kötött szerződés alapján, kizárólag a kiszervezett adatfeldolgozói tevékenység végzéséhez szükséges célokra \nhasználhatóak a Biztosítótól kapott adatok. A kiszervezett tevékenységet végzők az adat- és titokvédelemre vonatkozó jog-\nszabályokat kötelesek betartani. A biztosítási titok megőrzésére vonatkozó kötelezettséget, felelősséget és a titok megtartása \nérdekében teendő intézkedéseket a velük kötött szerződés is biztosítja.', 'A Biztosító a Pmt. 6. §-ban foglalt ügyfél-átvilágítási kötelezettségének teljesítése során kezelt személyes adatokat a 3.2.1. pontban \nfoglaltak szerint kezeli.', 'keletkezteti. Érintettek köre: Biztosító ügyfelei. Kezelt adatok köre:\n•\t a mindenkor hatályos Aktv.-ben meghatározott jogi kötelezettség teljesítéséhez szükséges adatok\n\nAdatkezelés időtartama: A Biztosító a személyes adatokat a biztosítási jogviszonyra irányadó szabályok (lásd 3.1.3 pont) szerint \nkezeli.']","A Biztosítónál a személyes adatok feldolgozása számítástechnikai eszközök segítségével történik, gépi tanuláson és mesterséges intelligencián alapuló funkciók mellett. Az érintettek által megadott információk alapján profilokat alakítanak ki, hogy az igényeikhez legjobban igazodó termékeket ajánlhassák. Emellett a kockázatfelmérés és csalások megelőzése érdekében is használják az adatokat. Az adatokat zárt és teljes körűen védett informatikai rendszerekben tárolják, és gondoskodnak arról, hogy illetéktelen személyek ne férhessenek hozzájuk. A kiszervezett adatfeldolgozók is kötelesek betartani az adat- és titokvédelemre vonatkozó jogszabályokat.",GDPR célhoz kötött meghatározott ideig,0.8481349088685861,1.0,0.16666666665,0.0
"Mi történik, ha az ügyfél nem járul hozzá az adatkezeléshez?","['2. Az 1. pontban meghatározott céltól eltérő célból vég\xad\nzett adatkezelést biztosító vagy viszontbiztosító csak az \nügyfél előzetes hozzájárulásával végezhet. A hozzájáru\xad\nlás megtagadása miatt az ügyfelet nem érheti hátrány, \nés annak megadása esetén részére nem nyújtható előny.', 'HOZZÁJÁRULÁS VISSZAVONÁSÁHOZ VALÓ JOG\n\nÖn jogosult a személyes adatok kezeléséhez való hozzájárulásának visszavonására. A hozzájárulás visszavonása nem \nérinti a hozzájáruláson alapuló, a visszavonás előtti adatkezelés jogszerűségét. Felhívjuk ismételten a figyelmét, hogy amennyiben a személyes adatok kezelése nélkülözhetetlen a szerző-\ndés alapján nyújtott szolgáltatások megítéléséhez, a hozzájárulás visszavonása a szolgáltatás nyújtásának \nellehetetlenülését vonhatja maga után.', '§-ában \nfoglalt kölcsönös adatátadás lehetőségéről igazolható \nmódon tájékoztatást adni. Az írásbeli tájékoztatásban \negyértelműen fel kell hívni az ügyfél figyelmét arra, hogy \na személyes adatai e §-ban foglalt kezelésének lehetősé\xad\ngét bármikor korlátozhatja vagy megtilthatja. VI.', 'Ha a helyesbítés, korlátozás vagy törlés iránti kérelme nem teljesíthető, akkor a kérelem kézhezvételét követő 25 na-\npon belül írásban tájékoztatjuk a kérelem elutasításáról, annak ténybeli és jogi indokairól. 8.5. TILTAKOZÁSHOZ VALÓ JOG\n\nÖnnek joga van a Biztosító vagy egy harmadik fél jogos érdekeinek érvényesítéséhez szükséges adatkezelés ellen tiltakoz-\nnia!', 'A Biztosító a személyes \nadatokat a hozzájárulása visszavonásáig, illetve a biztosítási jogviszonyra irányadó szabályok (lásd 3.1.3 pont) szerint kezeli. Amennyiben Ön nem járul hozzá, hogy munkatársunkkal folytatott telefonbeszélgetését rögzítsük, kérjük, keresse fel központi, sze-\nmélyes ügyfélszolgálati irodánkat, ahol kollégáink készséggel állnak rendelkezésére. 3.1.7.', 'rendelke-\nzéseire – kizárólag az érintett kifejezett hozzájárulásával kezeli az egészségi állapotra vonatkozó személyes adatokat. A hozzájárulást \na Biztosító az alábbi formában szerzi be:\n–\t a biztosítási ajánlat részeként az Általános Szerződési Feltételek, illetve külön nyilatkozat elfogadásával és aláírásával,\n–\t felelősségbiztosítási, személybiztosítási károk esetében a kárbejelentő lapon szereplő adatkezelési nyilatkozat elfogadásával és \naláírásával, illetve ennek hiányában külön adatkezelési nyilatkozat aláírásával,\n–\t a hozzájárulás kifejezett megerősítését tartalmazó levél, elektronikus levél (e-mail) Biztosító részére történő megküldésével,\n–\t azonosítást követő rögzített telefonbeszélgetés során a hozzájárulás kifejezett megadásával,\n–\t a szerződő, vagy biztosított elhalálozása esetén a törvényes örökös vagy a szerződésben megjelölt jogosult által aláírt, külön \nadatkezelési nyilatkozat formájában. A hozzájárulás megadásával Ön felhatalmazza a Biztosítót, hogy a biztosítási szerződés megkötéséhez, módosításához, állomány-\nban tartásához és a biztosítási szerződésből származó követelések megítéléséhez szükséges, azokkal közvetlenül összefüggő és \nelengedhetetlenül szükséges, az egészségi állapotára vonatkozó és hozzájuk kapcsolódó személyes adatait kezelje és nyilvántartsa.']","Ha az ügyfél nem járul hozzá az adatkezeléshez, akkor nem érheti hátrány, és annak megadása esetén sem nyújtható előny. A szolgáltatás nyújtásának ellehetetlenülése is lehetséges, ha a személyes adatok kezelése nélkülözhetetlen a szerződés alapján nyújtott szolgáltatások megítéléséhez.",visszautasítás szolgáltatás ellehetetlenülése,0.0,1.0,0.5833333333041666,1.0
Mikor kezdődik a biztosítási fedezet?,"['Mikortól meddig tart a kockázatviselés?\nA biztosítási fedezet a szerződésben meghatározott időpontban kezdődik.\nA biztosítási fedezet megszűnik különösen: \n–\t a jármű eladása, avagy az üzembentartói jog megszűnésének napján,\n–\t évfordulóra történő felmondás esetén az évforduló napján,\n–\t határozott tartamú szerződés esetén a lejárat napján,\n–\t díjnemfizetés esetén a türelmi idő leteltével.', '§ (3) \nbekezdésében meghatározott üzemben tartó által kötött szer-\nződés esetén az üzemben tartói jogosultság keletkezésének – \njárműnyilvántartásba bejegyzett – időpontjában – de legkoráb-\nban a biztosítási szerződésben megállapított időpontban, ennek \nhiányában a szerződés létrejöttének időpontjában – kezdődik. (2) Ahhoz, hogy a biztosító kockázatviselése már a bizto\xad\nsítási szerződés létrejöttét megelőzően megkezdődjék, a \nbiztosító vagy az általa feljogosított személy írásbeli elfo\xad\ngadó nyilatkozata szükséges. (3) Semmis a biztosító által egyoldalúan, a másik fél közremű-\nködése nélkül meghatározott és egyedileg meg nem tárgyalt \nszerződési (biztosítási) feltétel, amennyiben olyan kikötést tar-\ntalmaz, hogy a biztosító csak a díj (első díjrészlet) befizeté-\nsét követően viseli a kockázatot, ide nem értve azt az esetet, \namikor a biztosító a díj (első díjrészlet) azonnali fizetését az \najánlattételi folyamat megkerülhetetlen részévé teszi.', '§ (2) bekezdésében meghatározott megszűnése \nesetén a biztosító kockázatviselése az új szerződés kocká\xad\nzatviselési kezdetének napját megelőző napon megszűnik. (9) A (8) bekezdés szerinti új szerződés kockázatviselé\xad\nsének kezdete nem lehet korábbi, mint a tevékenységi \n\n21. §\n(1) A biztosítás első díjrészlete, valamint folytatólagos díjrész-\nletei a felek által a szerződésben meghatározott időpontokban \nesedékesek.', '(2) A biztosítási évfordulót a biztosítást igazoló okiraton fel kell \ntüntetni. (3) A biztosítási időszak első napja – a szünetelés időtarta-\nma alatt hatályba lépő szerződések kivételével – a kockázat\xad\nviselés kezdete. (4) A biztosító a biztosítási időszak utolsó napját meg\xad\nelőző ötvenedik napig elküldött írásos értesítőben tájé\xad\nkoztatja a szerződő felet a biztosítási évfordulóról és a \nkövetkező biztosítási időszakra – az értesítés időpontjá\xad\nban rendelkezésre álló adatok alapján – a díjtarifa szerint \nvárható díjról.', 'Mikor és hogyan kell fizetnem?\nA biztosítási díj a biztosítót a kockázatviselés tartamára előre illeti meg. A biztosítási díj fizetésének módját és gyakoriságát a \nszerződés tartalmazza, a szerződő és a biztosító megállapodása szerint. A díjfizetés történhet egy, kettő, négy, avagy tizenkét \nrészletben a termékre vonatkozó teljes körű tájékoztatókban foglaltak figyelembevételével postai csekken, banki és egyéb \nszolgáltatókon keresztül történő átutalással, csoportos beszedéssel, avagy bankkártyás teljesítéssel. A biztosítási díjnak \nesedékességétől számított 60. napig a biztosítóhoz be kell érkeznie, különben a szerződés megszűnik.', 'a kockázatviselés kezdetét követő hatvan napon belül, \naz üzemben tartó egyidejű értesítése mellett – a szer\xad\nződéskötéskor fennálló tények figyelembevételével – a \nkockázatviselés kezdetétől alkalmazandó hatállyal mó\xad\ndosítható a biztosítási időszak, illetve tartam kezdőnap\xad\nján alkalmazandó díjtarifa szerint. (3) A biztosító köteles minden egyedi szerződés vonatkozá\xad\nsában egy – a meghirdetés napjától számított hatvannapos \nidőszakon túli – előre meghatározott naptól alkalmazandó \ndíjtarifáját a Magyar Nemzeti Bank elnökének rendeletében \nmeghatározott módon, a Felügyelet honlapján meghirdet\xad\nni, továbbá a meghirdetés közzétételével egyidejűleg a sa\xad\nját és a MABISZ honlapján közzétenni. Eltérés esetén a Fel\xad\nügyelet honlapján meghirdetett tarifa alkalmazandó.']",Nincs információ a megadott dokumentumokban.,szerződésben meghatározott időpont,0.0,0.0,0.9266666666481335,1.0
Milyen jogai vannak az ügyfélnek az adatkezeléssel kapcsolatban?,"['A részletes szabályokat a GDPR III., \n„Az érintettek jogai” című fejezete, valamint az Infotv. tartalmazza. 8.1.', '8. AZ ADATKEZELÉSSEL KAPCSOLATOS JOGOK ÉS ÉRVÉNYESÍTÉSÜK\nA jogszabályok alapján Ön mindenkor jogosult kérelmezni az adataihoz való hozzáférést, azok helyesbítését, törlését vagy \nkezelésének korlátozását, tiltakozhat a személyes adatok kezelése ellen, valamint jogosult az adatokat hordozható formában \nmegkapni. Ön a személyes adatai kezelésével kapcsolatos kérelmét társaságunknál szóban (személyesen) vagy írásban (személyesen \nvagy más által átadott irat útján, avagy postai úton, telefaxon, vagy elektronikus levelezési címen) jelentheti be, az alábbi elér-\nhetőségi címeken:\n\nKözponti ügyfélszolgálat címe: 1123 Budapest, Alkotás u.', 'HOZZÁFÉRÉSHEZ VALÓ JOG\nAz Ön kérésére, írásban – ideértve adott esetben az elektronikus utat is –, közérthető módon tájékoztatást adunk arról, hogy \nszemélyes adatainak kezelése folyamatban van-e, valamint az adatkezeléssel kapcsolatos információkról, így különösen, az \nadatkezelés céljáról, a kezelt személyes adatokról, a címzettekről, akiknek az Ön adatait továbbítottuk, a személyes adatok \ntárolásának tervezett időtartamáról, valamint az automatizált döntéshozatallal kapcsolatos tudnivalókról. A Biztosítónak a tájékoztatást és intézkedést díjmentesen kell biztosítani. Ha a kérelem egyértelműen megalapozatlan vagy – \nkülönösen ismétlődő jellege miatt – túlzó, az adatkezelő, figyelemmel a kért információ vagy tájékoztatás nyújtásával vagy a \nkért intézkedés meghozatalával járó adminisztratív költségekre:\n\na)\tészszerű összegű díjat számíthat fel, vagy\n\nb)\tmegtagadhatja a kérelem alapján történő intézkedést.', '§-ában \nfoglalt kölcsönös adatátadás lehetőségéről igazolható \nmódon tájékoztatást adni. Az írásbeli tájékoztatásban \negyértelműen fel kell hívni az ügyfél figyelmét arra, hogy \na személyes adatai e §-ban foglalt kezelésének lehetősé\xad\ngét bármikor korlátozhatja vagy megtilthatja. VI.', 'ADATHORDOZHATÓSÁGHOZ VALÓ JOG\nÖn jogosult arra, hogy az Önre vonatkozó, a Biztosító rendelkezésére bocsátott személyes adatokat tagolt, széles körben \nhasznált, géppel olvasható – ha ez technikailag megvalósítható – formátumban megkapja, ha az adatkezelés hozzájáruláson, \nvagy szerződésen alapul és az adatkezelés automatizált módon történik. A jelen pont szerinti adathordozhatósághoz való jog \nnem teremt kötelezettséget arra vonatkozóan, hogy az adatkezelők egymással műszakilag kompatibilis adatkezelő rendszere-\nket vezessenek be vagy tartsanak fenn. 8.7.', 'Ha a helyesbítés, korlátozás vagy törlés iránti kérelme nem teljesíthető, akkor a kérelem kézhezvételét követő 25 na-\npon belül írásban tájékoztatjuk a kérelem elutasításáról, annak ténybeli és jogi indokairól. 8.5. TILTAKOZÁSHOZ VALÓ JOG\n\nÖnnek joga van a Biztosító vagy egy harmadik fél jogos érdekeinek érvényesítéséhez szükséges adatkezelés ellen tiltakoz-\nnia!']","Az ügyfél jogosult kérelmezni az adataihoz való hozzáférést, azok helyesbítését, törlését vagy kezelésének korlátozását, tiltakozhat a személyes adatok kezelése ellen, valamint jogosult az adatokat hordozható formában megkapni.",hozzáférés törlés adathordozhatóság,0.9702849049863319,1.0,0.8541666666453125,1.0
Kik férhetnek hozzá a biztosítási titoknak minősülő adatokhoz?,"['A biztosító vagy a viszontbiztosító az 5-6.,10. valamint \na 14. és 16. pontokban meghatározott esetekben és szer\xad\nvezetek felé az ügyfelek személyes adatait továbbíthatja. 9. A biztosítási titoktartási kötelezettség az eljárás kere\xad\ntén kívül a 6. pontban meghatározott szervek alkalma\xad\nzottaira is kiterjed.', 'vezető, valamint a biztosító és a viszontbiztosító alkalma\xad\nzottja, megbízottja köteles a biztosító és a viszontbizto\xad\nsító működésével kapcsolatban tudomására jutott üzleti \ntitkot – időbeli korlátozás nélkül – megőrizni. 1. Az V. pontban előírt titoktartási kötelezettség nem áll \nfenn a feladatkörében eljáró\na) \tFelügyelettel,\nb) \tnemzetbiztonsági szolgálattal,\nc) \tÁllami Számvevőszékkel,\nd) \tGazdasági Versenyhivatallal,\ne) \ta központi költségvetési pénzeszközök felhasználá\xad\nsának szabályszerűségét és célszerűségét ellenőrző \nKormány által kijelölt belső ellenőrzési szervvel,\nf) \t vagyonellenőrrel,\ng) \tInformációs Központtal,\nh) \ta mezőgazdasági biztosítási szerződés díjához nyúj\xad\ntott támogatást igénybe vevő biztosítottak esetében \n– az agrárkár-megállapító szervvel, agrárkár-enyhíté\xad\nsi szervvel, mezőgazdasági igazgatási szervvel, vala\xad\nmint az agrárpolitikáért felelős miniszter által vezetett \nminisztérium irányítása alatt álló, gazdasági elemzé\xad\nsekkel foglalkozó intézménnyel\nszemben.', 'A Biztosító gondoskodik arról, hogy a kezelt adatokhoz illetéktelen személy ne férhessen hozzá, ne hozhassa nyilvánosságra, \nne továbbíthassa, valamint azokat ne módosíthassa, törölhesse. A Biztosító megtesz minden tőle telhetőt annak érdekében, hogy az adatok ne sérüljenek, illetve ne semmisüljenek meg. A fenti \nkötelezettségvállalást a Biztosító az adatkezelési tevékenységében részt vevő munkavállalói, illetve a Biztosító megbízásából \neljáró adatfeldolgozók részére is előírja.', 'alapján a titoktartási kötelezettség nem áll fenn, \nc.\t a biztosító vagy a viszontbiztosító által megbízott ta\xad\nnúsító szervezet és alvállalkozója ezt a tanúsítási eljá\xad\nrás lefolytatása keretében ismeri meg,\nd.\t a biztosító érdeke ezt az ügyféllel szemben fennálló \nkövetelése eladásához vagy követelése érvényesíté\xad\nséhez szükségessé teszi. 6. A biztosítási titok megtartásának kötelezettsége nem \náll fenn \na.\t a feladatkörében eljáró Felügyelettel, \nb.\t az előkészítő eljárást folytató szervvel, a nyomozó \nhatósággal és az ügyészséggel, valamint a szabály\xad\n\n21', 'valamint a harmadik országbeli biztosító székhelye \nszerinti állam rendelkezik a magyar jogszabályok ál\xad\ntal támasztott követelményeket kielégítő adatvédelmi \njogszabállyal – a harmadik országbeli biztosítóval, \nbiztosításközvetítővel, \nq.\t a feladatkörében eljáró alapvető jogok biztosával, \nr.\t a feladatkörében eljáró Nemzeti Adatvédelmi és Infor\xad\nmációszabadság Hatósággal, \ns.\t a bonus-malus rendszer, az abba való besorolás, il\xad\nletve a káresetek igazolásának részletes szabályairól \nszóló miniszteri rendeletben meghatározott kártörté\xad\nneti adatra és bonus-malus besorolásra nézve a ren\xad\ndeletben szabályozott esetekben a biztosítóval,\nt.\t a lábon álló növénykultúrára kötött mezőgazdasá\xad\ngi biztosítási szerződésekben szereplő biztosítottak \nesetében az agrárkár-megállapító szervvel, a mező\xad\ngazdasági igazgatási szervvel, az agrárkár-enyhítési \nszervvel, valamint az agrárpolitikáért felelős miniszter \náltal vezetett minisztérium irányítása alatt álló, gazda\xad\nsági elemzésekkel foglalkozó intézménnyel,\nu)\t a felszámoló szervezeteket nyilvántartó hatósággal \nszemben, ha az a)-j), n), s), t) és u) pontban megjelölt \nszerv vagy személy adatkéréssel, illetve írásbeli meg\xad\nkereséssel fordul hozzá, amely tartalmazza az ügy\xad\nfél nevét vagy a biztosítási szerződés megjelölését, a \nkért adatok fajtáját, az adatkérés célját és jogalapját, \nazzal, hogy a p)-s) pontban megjelölt szerv vagy sze\xad\nmély kizárólag a kért adatok fajtáját, az adatkérés cél\xad\nját és jogalapját köteles megjelölni. A cél és a jogalap \nigazolásának minősül az adat megismerésére jogosí\xad\ntó jogszabályi rendelkezés megjelölése is,\nv)\t a Gfbt. szerinti e-kárbejelentő felületen megadott \nadatoknak a kárbejelentő alkalmazás működtetése, a \nbiztosítási eseményhez kapcsolódó, szükséges infor\xad\nmációk begyűjtése és a biztosítók részére kárrende\xad\nzés céljából történő továbbítása tekintetében a MA\xad\nBISZ-szal.', 'A titoktartási kötelezettség alapján az üzleti titok köré\xad\nbe tartozó tény, tájékoztatás vagy adat az e törvényben \n\nmeghatározott körön kívül a biztosító és a viszontbiztosí\xad\ntó, továbbá az ügyfél felhatalmazása nélkül nem adható \nki harmadik személynek és feladatkörön kívül nem hasz\xad\nnálható fel. 9. Aki üzleti titok birtokába jut, nem használhatja fel arra, \nhogy annak révén saját maga vagy más személy részére \nközvetlen vagy közvetett módon előnyt szerezzen, továb\xad\nbá, hogy a biztosítónak, a viszontbiztosítónak vagy ügy\xad\nfeleinek hátrányt okozzon.']","Az adatokhoz illetéktelen személy ne férhessen hozzá, ne hozhassa nyilvánosságra, ne továbbíthassa, valamint azokat ne módosíthassa, törölhesse. A Biztosító megtesz minden tőle telhetőt annak érdekében, hogy az adatok ne sérüljenek, illetve ne semmisüljenek meg. A fenti kötelezettségvállalást a Biztosító az adatkezelési tevékenységében részt vevő munkavállalói, illetve a Biztosító megbízásából eljáró adatfeldolgozók részére is előírja.",biztosító hatóság érintett engedélye,0.8217759484390667,1.0,0.8766666666491334,0.0
Milyen célból kér a biztosító egészségügyi adatokat?,"['Az adatkezelési cél eléréséhez nélkülözhetetlen, hogy Ön felhatalmazza a Biztosítót, hogy az egészségi állapotára vonatkozó és \nhozzájuk kapcsolódó adatait háziorvosától, valamint mindazoktól az egészségügyi intézményektől, orvosoktól, gyógyszerészektől, \ntermészetgyógyászoktól és a gyógykezelésével foglalkozó más személyektől, amelyek, illetve akik eddig kezelték, valamint a Nemzeti \nEgészségbiztosítási Alapkezelőtől, a társadalombiztosítási kifizetőhelytől beszerezze, nyilvántartsa, és ebben a körben felhasználja, \nilletve a Bit. 138-142. §-ban és a 147-151.', 'Felhívjuk a figyelmét, hogy mivel az egészségügyi adatok kezelése nélkülözhetetlen a biztosítási szerződésből származó követelések, \nígy különösen a szolgáltatási kötelezettség beálltának, jogalapjának és összegszerűségének megítéléséhez, ezért a hozzájárulás \nvisszavonása a szolgáltatás nyújtásának ellehetetlenülését vonhatja maga után. Érintettek köre: Biztosító ügyfelei, leendő ügyfelei\n\nKezelt adatok köre:\nAz egészségi állapottal összefüggő adatok: \n•\t A biztosítási ajánlat során a Részletes, vagy Egyszerűsített Egészségi Nyilatkozaton megadott adatok, valamint a válaszaihoz \nkapcsolódó, Ön által átadott orvosi dokumentumok;\n•\t A Biztosító által szükség esetén bekért további, az Ön hozzájárulásával átadott orvosi dokumentációk;\n•\t A biztosítási szerződés megkötéséhez, a Biztosító által előírt orvosi vizsgálatok dokumentumai;\n•\t „Nyilatkozat a fogyatékossággal élő (fogyatékos) ügyfelekkel kapcsolatos bánásmóddal összefüggésben” című nyilatkozaton \nmegadott adatok;\n•\t A biztosítási szerződésből származó követelések megítélésével közvetlenül összefüggő, azokhoz elengedhetetlenül szükséges a \nkárbejelentés során megadott, a biztosítási eseményt kiváltó és annak bekövetkezésében szerepet játszó eseményre vonatkozó \nszemélyes adatok, ahhoz csatolt dokumentumok, illetve Ön, vagy elhalálozása esetén a törvényes örökös, vagy a szerződésben \nmegjelölt jogosult hozzájárulása esetén a társadalombiztosítási szervektől, egészségügyi intézményektől és háziorvostól, gyógyke-\nzelésével foglalkozó más személyektől bekért adatok. Adatkezelés időtartama: A Biztosító az egészségügyi adatokat a biztosítási jogviszonyra irányadó szabályok (lásd 3.1.3 pont) sze-\nrint, illetve az adatkezeléshez adott hozzájárulás – a Tájékoztatóban említett feltételekkel történő – visszavonásáig kezeli.', 'A Biztosító a biztosítási szerződések megkötése, így az igényfelmérés és alkalmassági tesztek elvégzése során az érintett által \nmegadott információkat számítástechnikai eszközökkel értékeli, melynek során az érintett profilját kialakítja és az érintettet \nigényeihez legjobban igazodó termékre ennek alapján javaslatot tesz. A Biztosító profilalkotást végez kockázatfelmérés céljából a biztosítási szerződést érintő ügyfélkockázat előrejelzése érdeké-\nben, amelynek alapján a megtett biztosítási ajánlat elfogadásra kerül, vagy módosulhat, vagy elutasításra kerülhet, valamint a \ncsalások megelőzése és kivizsgálása céljából olyan információk alapján, amelyek érdemben jelezhetik a csalás előfordulásá-\nnak lehetőségét. A Biztosító a biztosítási szerződést érintő biztosítási események, káresemények, ahhoz kapcsolódó dokumentációk elemzése \nsorán a személyes adatokat gépi tanuláson, mesterséges intelligencián alapuló funkciók mellett értékeli, illetve kialakítja az \negyes érintetti profilokat, ezáltal kiszűrhető a visszaélések előfordulása, illetve az ügyfelek a megfelelő szolgáltató felé irányít-\nhatók a hatékonyabb működés érdekében.', '3.1.4. Egészségügyi adatok kezelése a biztosítási szerződés megkötése, állományban tartása során\n\nAdatkezelés célja: A Biztosítási szerződés megkötésével, módosításával, állományban tartásával, valamint a biztosítási szerző-\ndésből származó díjak, követelések megítélésével összefüggésben az egészségi állapotra vonatkozó különleges személyes adatok \nkezelése. Az adatkezelés célja különösen a kockázat-elbírálás, a biztosítási szerződés alapján a biztosítási esemény (baleset, beteg-\nség, egészségkárosodás, haláleset, egészségbiztosítási szolgáltatás igénybevétele) bekövetkezésekor a szolgáltatási igény, kárigény \nelbírálása.', '3. A megkereső biztosító a Bit. 1. melléklet A) rész 1. és \n2. pontjában, továbbá a 2. mellékletben meghatározott \nágazatokhoz tartozó szerződés teljesítésével kapcsolat\xad\nban az alábbi adatokat kérheti: \na.\t a szerződő, a biztosított, a kedvezményezett személy \nazonosító adatait; \nb.\t a biztosított személy adatfelvételkori, a szerződéses \nkockázattal kapcsolatos egészségi állapotára vonat\xad\nkozó adatokat; \nc.\t az a. pontban meghatározott személyt érintő koráb\xad\nbi – a 3. pontban meghatározott ágazathoz tartozó \nszerződéssel kapcsolatos – biztosítási eseményekre \nvonatkozó adatokat; \nd.\t a megkeresett biztosítónál megkötött szerződés \nmegkötésével kapcsolatban felmerült kockázat fel\xad\nméréséhez szükséges adatokat; és \ne.\t a megkeresett biztosítónál megkötött szerződés alap\xad\nján teljesítendő szolgáltatások jogalapjának vizsgála\xad\ntához szükséges adatokat.', '§ (1) bekezdése keletkezteti. Érintettek köre: Biztosító leendő ügyfelei, ügyfelei\n\nKezelt adatok köre: Az ügyfél igényének felméréséhez, pontosításához szükséges információk, megfelelési és alkalmassági teszt-\nhez szükséges adatok\n\nAdatkezelés időtartama: A Biztosító az igényfelmérés alapján létrejött biztosítási szerződés esetén a személyes adatokat a létrejött \nbiztosítási jogviszonyra irányadó szabályok (lásd 3.1.3 pont) szerint kezeli. 3']","Az egészségügyi adatokat a Biztosító kockázat-elbírálás, a biztosítási események (baleset, betegség, egészségkárosodás, haláleset, egészségbiztosítási szolgáltatás igénybevétele) bekövetkezésekor a szolgáltatási igény, kárigény elbírálása céljából kéri.",kockázat-elbírálás kárigény elbírálása,0.9573609433011118,1.0,0.9999999999833333,1.0
Mire vonatkozik a biztosítási titok fogalma?,"['A biztosítási titokra és az üzleti titkokra vonatkozó közös \nszabályok:\n10. Biztosító és a viszontbiztosító jogutód nélküli megszű\xad\nnése esetén a biztosító és a viszontbiztosító által kezelt \nüzleti titkot tartalmazó irat a keletkezésétől számított hat\xad\nvan év múlva a levéltári kutatások céljára felhasználható. 11.', 'alapján a titoktartási kötelezettség nem áll fenn, \nc.\t a biztosító vagy a viszontbiztosító által megbízott ta\xad\nnúsító szervezet és alvállalkozója ezt a tanúsítási eljá\xad\nrás lefolytatása keretében ismeri meg,\nd.\t a biztosító érdeke ezt az ügyféllel szemben fennálló \nkövetelése eladásához vagy követelése érvényesíté\xad\nséhez szükségessé teszi. 6. A biztosítási titok megtartásának kötelezettsége nem \náll fenn \na.\t a feladatkörében eljáró Felügyelettel, \nb.\t az előkészítő eljárást folytató szervvel, a nyomozó \nhatósággal és az ügyészséggel, valamint a szabály\xad\n\n21', 'A titoktartási kötelezettség alapján az üzleti titok köré\xad\nbe tartozó tény, tájékoztatás vagy adat az e törvényben \n\nmeghatározott körön kívül a biztosító és a viszontbiztosí\xad\ntó, továbbá az ügyfél felhatalmazása nélkül nem adható \nki harmadik személynek és feladatkörön kívül nem hasz\xad\nnálható fel. 9. Aki üzleti titok birtokába jut, nem használhatja fel arra, \nhogy annak révén saját maga vagy más személy részére \nközvetlen vagy közvetett módon előnyt szerezzen, továb\xad\nbá, hogy a biztosítónak, a viszontbiztosítónak vagy ügy\xad\nfeleinek hátrányt okozzon.', '§ (1) bekezdése értelmében a Biztosító jogosult kezelni ügyfeleinek azon biztosítási titoknak minősülő \nadatait, amelyek a biztosítási szerződéssel, annak létrejöttével, nyilvántartásával, a szolgáltatással összefügg-\nnek. Biztosítási titok minden olyan a Biztosító rendelkezésére álló adat, amely a Biztosító ügyfeleinek – ideértve a károsultat\nis – személyi körülményeire, vagyoni helyzetére, illetve gazdálkodására, vagy a Biztosítóval kötött szerződéseire vonatkozik. A Biztosító az ügyfél által bármilyen formában megadott személyes adatot, ideértve az egészségi állapotra vonatkozó szemé-\nlyes adatot is, biztosítási titokként kezeli.', 'V. A BIZTOSÍTÓ ÉS VISZONTBIZTOSÍTÓ ÜZLETI \nTITKA \nA biztosító, a viszontbiztosító, valamint ezek tulajdono\xad\nsa, a biztosítóban, a viszontbiztosítóban részesedést \nszerezni kívánó személy, a vezető állású személy, egyéb \n\n23', 'vezető, valamint a biztosító és a viszontbiztosító alkalma\xad\nzottja, megbízottja köteles a biztosító és a viszontbizto\xad\nsító működésével kapcsolatban tudomására jutott üzleti \ntitkot – időbeli korlátozás nélkül – megőrizni. 1. Az V. pontban előírt titoktartási kötelezettség nem áll \nfenn a feladatkörében eljáró\na) \tFelügyelettel,\nb) \tnemzetbiztonsági szolgálattal,\nc) \tÁllami Számvevőszékkel,\nd) \tGazdasági Versenyhivatallal,\ne) \ta központi költségvetési pénzeszközök felhasználá\xad\nsának szabályszerűségét és célszerűségét ellenőrző \nKormány által kijelölt belső ellenőrzési szervvel,\nf) \t vagyonellenőrrel,\ng) \tInformációs Központtal,\nh) \ta mezőgazdasági biztosítási szerződés díjához nyúj\xad\ntott támogatást igénybe vevő biztosítottak esetében \n– az agrárkár-megállapító szervvel, agrárkár-enyhíté\xad\nsi szervvel, mezőgazdasági igazgatási szervvel, vala\xad\nmint az agrárpolitikáért felelős miniszter által vezetett \nminisztérium irányítása alatt álló, gazdasági elemzé\xad\nsekkel foglalkozó intézménnyel\nszemben.']","Az ""biztosítási titok"" kifejezés az ügyfelek személyes adataira, vagyoni helyzetére, vagy a biztosítóval kötött szerződésekre vonatkozó adatokra utal.",személyi vagyoni helyzet biztosítási szerződés,0.9408789302207379,1.0,0.249999999975,0.25
Mi történik az adatokkal a szerződés megszűnése után?,"['A határidő lejártát követően \nszemélyes adatai törlésre kerülnek. A személyes adatok törlését gátolja, amennyiben:\n–\t peres eljárás van folyamatban az adott szerződés tekintetében,\n–\t peren kívül hatósági eljárás van folyamatban az adott szerződés tekintetében,\n–\t panasz kezelése van folyamatban az adott szerződés tekintetében,\n–\t járadék fizetése van folyamatban az adott szerződéshez kapcsolódóan,\n–\t függő kár van rögzítve az adott szerződésre,\n–\t szerződésen nyilvántartott díjhátralék, vagy túlfizetés az adott szerződés tekintetében,\n–\t díjvisszatérítéses szerződések esetében. A létre nem jött biztosítási szerződésekkel kapcsolatos, ajánlattétel során megadott személyes adatait a Biztosító a biztosítási ajánlat \nrögzítésétől számított, a biztosítási szerződésben meghatározott elévülési ideig, ennek hiányában a Polgári törvénykönyvről szóló \n2013. évi V. tv.', '(Ptk.) szerinti az általános elévülési időre vonatkozó rendelkezései szerinti az ajánlat rögzítésétől számított 5 évig tárolja. A létre nem jött ajánlathoz – online kötési felületeken félbe hagyott kalkuláció, ajánlattétel hiányában az igényfelmérés, megfelelési és \nalkalmassági tesztek dokumentumai – kapcsolódó személyes adatok az utolsó módosítást követő 61. napig kerülnek megőrzésre.', 'A Biztosító a személyes adatokat csak az adatkezelés céljainak eléréséhez szükséges ideig kezeli, melynek során figyelembe \nveszi az egyes jogszabályok által kötelezően előírt adatmegőrzési határidőket, valamint a Biztosítóval szemben támasztott \nesetleges követelések jogszabályi vagy szerződésben meghatározott elévülési idejét. A Biztosító a személyes adatok tárolásá-\nnak időtartamáról adatkezelési célonként nyújt tájékoztatást. 2', 'Adatkezelés időtartama: Az azonosítás során kezelt személyes adatokat, valamint ezen személyes adatokat tartalmazó okiratok \nmásolatait – ideértve a videóazonosítás során kezelt személyes adatokat is – a Biztosító a Pmt. 56. § (2) bekezdése alapján a biz-\ntosítási szerződés megszűnésétől, vagy az ügyleti megbízás teljesítésétől számított 8 évig őrzi meg.', '23. A biztosító és a viszontbiztosító köteles törölni min\xad\nden olyan, ügyfeleivel, volt ügyfeleivel vagy létre nem jött \nszerződéssel kapcsolatos személyes adatot, amelynek \nkezelése esetében az adatkezelési cél megszűnt, vagy \namelynek kezeléséhez az érintett hozzájárulása nem áll \nrendelkezésre, illetve amelynek kezeléséhez nincs törvé\xad\nnyi jogalap. 24.', 'A biztosító és a viszontbiztosító a személyes adatokat a \nbiztosítási, viszontbiztosítási, illetve a megbízási jogviszony \nfennállásának idején, valamint azon időtartam alatt kezel\xad\n\nheti, ameddig a biztosítási, viszontbiztosítási, illetve a meg\xad\nbízási jogviszonnyal kapcsolatban igény érvényesíthető. 22. A biztosító és a viszontbiztosító a létre nem jött biz\xad\ntosítási szerződéssel kapcsolatos személyes adatokat \nkezelhet, ameddig a szerződés létrejöttének meghiúsu\xad\nlásával kapcsolatban igény érvényesíthető.']","Az adatokat a biztosítási szerződés megszűnésétől, vagy az ügyleti megbízás teljesítésétől számított 8 évig őrzi meg a Biztosító.",8 év jogi eljárás,0.893729585365454,1.0,0.4444444444296296,0.0
Milyen esetekben kérhet a biztosító kiegészítő adatokat?,"['3. A megkereső biztosító a Bit. 1. melléklet A) rész 1. és \n2. pontjában, továbbá a 2. mellékletben meghatározott \nágazatokhoz tartozó szerződés teljesítésével kapcsolat\xad\nban az alábbi adatokat kérheti: \na.\t a szerződő, a biztosított, a kedvezményezett személy \nazonosító adatait; \nb.\t a biztosított személy adatfelvételkori, a szerződéses \nkockázattal kapcsolatos egészségi állapotára vonat\xad\nkozó adatokat; \nc.\t az a. pontban meghatározott személyt érintő koráb\xad\nbi – a 3. pontban meghatározott ágazathoz tartozó \nszerződéssel kapcsolatos – biztosítási eseményekre \nvonatkozó adatokat; \nd.\t a megkeresett biztosítónál megkötött szerződés \nmegkötésével kapcsolatban felmerült kockázat fel\xad\nméréséhez szükséges adatokat; és \ne.\t a megkeresett biztosítónál megkötött szerződés alap\xad\nján teljesítendő szolgáltatások jogalapjának vizsgála\xad\ntához szükséges adatokat.', '4. A megkereső biztosító a Bit. 1. melléklet A) rész 3-9. \nés 14-18. pontjában meghatározott ágazatokhoz tartozó \nszerződés teljesítésével kapcsolatban az alábbi adatokat \nkérheti: \na.\t a szerződő, a biztosított, a kedvezményezett és a ká\xad\nrosult személy azonosító adatait; \nb.\t a biztosított vagyontárgyak, követelések vagy vagyoni \njogok beazonosításához szükséges adatokat; \nc.\t a b. pontban meghatározott vagyontárgyakat, követe\xad\nléseket vagy vagyoni jogokat érintően bekövetkezett \nbiztosítási eseményekre vonatkozó adatokat; \nd.\t a megkeresett biztosítónál megkötött szerződés \nmegkötésével kapcsolatban felmerült kockázat fel\xad\nméréséhez szükséges adatokat; és \ne.\t a megkeresett biztosítónál megkötött szerződés alap\xad\nján teljesítendő szolgáltatások jogalapjának vizsgála\xad\ntához szükséges adatokat.', '2. A megkeresett biztosító a jogszabályoknak megfelelő \nmegkeresés szerinti adatokat a megkeresésben megha\xad\ntározott megfelelő határidőben, ennek hiányában a meg\xad\n\n25', '5. A megkereső biztosító a Bit. 1. melléklet A) rész 10-13. \npontjában meghatározott ágazatokhoz tartozó szerződés \nteljesítésével kapcsolatban az alábbi adatokat kérheti: \na.\t a károsult személy előzetes hozzájárulása esetén a \nkárosult személy azonosító adatait; \nb.\t a szerződő, a biztosított és a kedvezményezett azono\xad\nsító adatait, továbbá a 4. pont b-e. pontjában megha\xad\ntározott adatokat; \nc.\t a károsult személy előzetes hozzájárulása esetén a \nszemélyi sérülés miatt kárigényt vagy személyiségi \njogsérelem miatt sérelemdíj iránti igényt érvényesítő \nszemély adatfelvételkori, a szerződéses kockázattal \nkapcsolatos egészségi állapotára vonatkozó adatokat; \nd.\t a károsodott vagyontárgy miatt kárigényt, érvényesítő \nszemélyt érintő korábbi – az e bekezdésben meghatá\xad\nrozott ágazathoz tartozó szerződéssel kapcsolatos – \nbiztosítási eseményekre vonatkozó személyes adatot \nnem tartalmazó adatokat; \n\nVII.', '(6) A (4) bekezdés szerinti biztosító által igényelhető adatok \nköre a következőkre terjed ki:\na)\t a szerződésekre (szerződőre, járműre) vonatkozó nem \npénzösszeg típusú jellemzők,\nb)\t a részkárokra vonatkozó nem pénzösszeg típusú jellemzők,\nc)\t a kárkifizetésekre és kártartalékokra vonatkozó adatok,\nd)\t a változó állományi típusú adatok hatálybalépésének, illet-\nve a folyamat típusú adatok bekövetkeztének napjára vo-\nnatkozó adatok. (7) A (4) bekezdés szerinti adatigényléshez a Felügyelet elekt-\nronikus lekérdező-felületet hoz létre, mely felülethez csak a \nFelügyelet és a biztosító fér hozzá. (8) Az adatigénylésre vonatkozó részletes szabályokat a Ma-\ngyar Nemzeti Bank elnöke rendeletben állapítja meg.', 'A megkereső biztosító a megkeresés eredményeként \ntudomására jutott adatot a kézhezvételt követő kilencven \nnapig kezelheti. 9. Ha a megkeresés eredményeként a megkereső biztosí\xad\ntó tudomására jutott adat e biztosító jogos érdekeinek az \nérvényesítéséhez szükséges, az adatkezelés 8. pontban \nmeghatározott időtartama meghosszabbodik az igény ér\xad\nvényesítésével kapcsolatban indult eljárás befejezéséig.']",Az biztosító további adatokat kérhet a szerződés teljesítésével kapcsolatban a Bit. 1. melléklet A) rész 1-18. pontjaiban meghatározott ágazatokhoz tartozó adatokra vonatkozóan.,egészségkárosodás vitás ügy,0.0,1.0,0.0,0.0
"Mi a teendő, ha az ügyfél vitatja a biztosító döntését?","['A biztosító a panaszkezelés során \nköteles úgy eljárni, hogy a körülmények által adott lehetőségek-\nhez mérten elkerülje a pénzügyi fogyasztói jogvita kialakulását. 9. A panasz elutasítása esetén a biztosító válaszában írásban tá-\njékoztatja az ügyfelet arról, hogy az a Magyar Nemzeti Bankról \nszóló 2013. évi CXXXIX.', 'A biztosító a szóbeli panaszt – a 7. pontban meghatáro-\nzott eltéréssel – azonnal megvizsgálja, és szükség szerint \norvosolja. Ha az ügyfél a panasz kezelésével nem ért egyet, \na biztosító a panaszról és az azzal kapcsolatos álláspontjá-\nról jegyzőkönyvet vesz fel, és annak egy másolati példányát a \nszemélyesen közölt szóbeli panasz esetén az ügyfélnek átad-\nja, telefonon közölt szóbeli panasz esetén az ügyfélnek – a 8. \npontban foglaltakkal egyidejűleg – megküldi, egyebekben az \nírásbeli panaszra vonatkozó rendelkezések szerint jár el. 7.', '14. A biztosító a panaszkezelési szabályzatot az ügyfelek szá-\nmára nyitva álló helyiségében, ennek hiányában a székhelyén \nkifüggeszti és a honlapján közzéteszi. A biztosító panaszkeze-\n15.', '§ rendelkezéseinek eleget téve biztosítja, hogy az ügyfél és a fogyasztói érdekképviseleti \nszervek a Biztosító, az általa alkalmazott vagy megbízott ügynök vagy – adott termék kapcsán – általa megbízott kiegészítő biztosí-\ntásközvetítői tevékenységet végző személy magatartására, tevékenységére vagy mulasztására vonatkozó panaszát szóban (szemé-\nlyesen, telefonon) vagy írásban (személyesen vagy más által átadott irat útján, postai úton, telefaxon, elektronikus úton) közölhesse. Adatkezelés jogalapja: A GDPR 6. cikk (1) bekezdés c) pontja alapján, mely szerint az adatkezelés a Biztosítóra vonatkozó jogi \nkötelezettség teljesítéséhez szükséges. A jogi kötelezettséget a Bit.', 'törvényben (a továbbiakban: MNBtv.-\nben) meghatározott fogyasztóvédelmi rendelkezések megsértése \n\nesetén a pénzügyi közvetítő rendszer felügyeletével kapcsolatos \nfeladatkörében eljáró Magyar Nemzeti Banknál fogyasztóvédel-\nmi eljárást kezdeményezhet, vagy a szerződés létrejöttével, érvé-\nnyességével, joghatásaival és megszűnésével, továbbá a szerző-\ndésszegéssel és annak joghatásaival kapcsolatos jogvita esetén \nbírósághoz fordulhat, vagy a Pénzügyi Békéltető Testület eljárá-\nsát kezdeményezheti, amennyiben a Pénzügyi Békéltető Testület \neljárására vonatkozó szabályok alapján fogyasztónak minősül. A \nbiztosítónak tájékoztatni kell e fogyasztót arról, hogy tett-e általá-\nnos alávetési nyilatkozatot, meg kell adnia a Pénzügyi Békéltető \nTestület székhelyét, telefonos és internetes elérhetőségét, vala-\nmint a levelezési címét, továbbá a fogyasztó külön kérésére meg \nkell küldenie a Pénzügyi Békéltető Testület által készített és a biz-\ntosító rendelkezésére bocsátott kérelem nyomtatványt. Fogyasztóvédelmi eljárás kezdeményezése esetén eljáró \nszerv: \nMagyar Nemzeti Bank \n1013 Budapest, Krisztina krt.', 'A \nbiztosító a panaszkezelési szabályzatban tájékoztatja az ügyfe-\nlet a panaszügyintézés helyéről, levelezési címéről, elektronikus \nlevelezési címéről, telefonszámáról és telefaxszámáról. 12. A biztosító az ügyfelek panaszairól, valamint az azok rende-\nzését, megoldását szolgáló intézkedésekről, adatokról nyilván-\ntartást vezet.']","Ha az ügyfél nem ért egyet a biztosító döntésével, akkor fogyasztóvédelmi eljárást kezdeményezhet a Magyar Nemzeti Banknál, vagy bírósághoz fordulhat. Emellett a Pénzügyi Békéltető Testület eljárását is kezdeményezheti, ha az eljárásra vonatkozó szabályok alapján fogyasztónak minősül. A biztosítónak tájékoztatnia kell a fogyasztót arról, hogy tett-e általános alávetési nyilatkozatot, valamint meg kell adnia a Pénzügyi Békéltető Testület elérhetőségeit és a szükséges információkat a fogyasztó kérésére.",panasz jogorvoslat,0.8263492698201746,0.8571428571428571,0.19999999998,1.0
